"Num_Acc";"jour";"mois";"an";"hrmn";"lum";"dep";"com";"agg";"int";"atm";"col";"adr";"lat";"long"
"201900001100";"14";"2";"2019";"13:18";"1";"95";"95252";"1";"1";"1";"6";"AUTOROUTE A15";"48,9834100";"2,2188000"
"201900001101";"14";"2";"2019";"16:00";"1";"93";"93066";"1";"1";"1";"4";"AUTOROUTE A86";"48,9255800";"2,3397500"
"201900001102";"9";"2";"2019";"08:36";"1";"60";"60612";"1";"1";"1";"6";"AUTOROUTE A1";"49,1920700";"2,6034100"
"201900001103";"13";"2";"2019";"23:34";"3";"93";"93066";"1";"1";"1";"5";"AUTOROUTE A1";"48,9139200";"2,3579900"
"201900001104";"13";"2";"2019";"14:15";"1";"93";"93005";"1";"1";"1";"4";"AUTOROUTE A3";"48,9679700";"2,4795000"
"201900001105";"13";"2";"2019";"19:30";"3";"95";"95582";"1";"1";"1";"2";"AUTOROUTE A15";"48,9662100";"2,2574600"
"201900001106";"13";"2";"2019";"11:45";"1";"93";"93066";"1";"1";"1";"4";"AUTOROUTE A1";"48,9078900";"2,3581800"
"201900001107";"13";"2";"2019";"09:50";"1";"93";"93066";"1";"1";"1";"2";"AUTOROUTE A1";"48,9261700";"2,3567400"
"201900001108";"13";"2";"2019";"09:15";"1";"95";"95060";"1";"1";"5";"6";"AUTOROUTE A115";"49,0443800";"2,1872800"
"201900001109";"13";"2";"2019";"05:50";"3";"95";"95607";"1";"1";"1";"7";"AUTOROUTE A115";"49,0356000";"2,1956400"
"201900001110";"17";"2";"2019";"07:30";"2";"94";"94073";"1";"1";"1";"2";"A86 EXT";"48,7676600";"2,3786000"
"201900001111";"16";"2";"2019";"19:00";"2";"77";"77083";"1";"1";"1";"2";"A4.W";"48,8304900";"2,6114100"
"201900001112";"15";"2";"2019";"22:00";"3";"77";"77450";"1";"1";"1";"6";"RN104";"48,7198400";"2,5986700"
"201900001113";"15";"2";"2019";"20:00";"3";"75";"75112";"1";"1";"1";"3";"A4";"48,8215500";"2,4620800"
"201900001114";"15";"2";"2019";"12:59";"1";"94";"94022";"1";"1";"1";"7";"A86 EXT";"48,7727500";"2,3992200"
"201900001115";"13";"2";"2019";"20:30";"3";"94";"94052";"1";"1";"1";"6";"A4";"48,8390400";"2,4925900"
"201900001116";"13";"2";"2019";"08:20";"5";"94";"94017";"1";"1";"1";"4";"A86.INT";"48,8305235";"2,4889139"
"201900001117";"13";"2";"2019";"07:30";"1";"94";"94033";"1";"1";"1";"2";"A86.INT";"48,8516710";"2,4897664"
"201900001118";"2";"2";"2019";"12:05";"1";"77";"77337";"1";"1";"1";"2";"A4";"48,8302040";"2,6114420"
"201900001119";"8";"2";"2019";"13:00";"1";"64";"64348";"2";"1";"1";"2";"MARTYRS DU PONT LONG DES";"43,3452485";" -0,3798785"
"201900001120";"11";"2";"2019";"18:45";"5";"51";"51454";"2";"1";"1";"2";"RUE PASSE DEMOISELLES";"49,2484400";"4,0168600"
"201900001121";"10";"2";"2019";"12:40";"1";"14";"14699";"2";"1";"3";"3";"ARISTIDE BRIAND (AVENUE)";"49,3478700";"0,0995300"
"201900001122";"10";"2";"2019";"17:00";"1";"93";"93078";"1";"1";"1";"6";"AUTOROUTE A104";"48,9632500";"2,5214400"
"201900001123";"10";"2";"2019";"13:40";"1";"93";"93064";"1";"1";"2";"7";"AUTOROUTE A86";"48,8791600";"2,4763600"
"201900001124";"13";"2";"2019";"12:30";"1";"988";"98818";"2";"3";"1";"1";"T. CELIERES/ANSE-VATA";" -22,2961400";"166,4456000"
"201900001125";"12";"2";"2019";"21:00";"5";"988";"98818";"2";"2";"1";"3";"J. IEKAWE/A. OHLEN";" -22,2483500";"166,4637700"
"201900001126";"12";"2";"2019";"23:20";"5";"976";"97611";"2";"6";"1";"7";"passamanty-Vahibé ( route )";" -12,8007700";"45,2056000"
"201900001127";"12";"2";"2019";"07:10";"1";"976";"97611";"2";"9";"2";"2";"tsoundzou-KOUALE ( rue de )";" -12,8125500";"45,2024700"
"201900001128";"13";"2";"2019";"18:10";"1";"974";"97416";"2";"1";"1";"1";"BOISSY(CHEMIN)";" -21,3437800";"55,5053900"
"201900001129";"13";"2";"2019";"13:30";"1";"974";"97416";"2";"1";"1";"6";"Avenue Laurent Vergès";" -21,2981000";"55,4578600"
"201900001130";"12";"2";"2019";"08:05";"1";"974";"97416";"2";"1";"1";"2";"RN3 (2)";" -21,3103000";"55,4970900"
"201900001131";"13";"2";"2019";"14:00";"1";"974";"97409";"2";"9";"1";"2";"DE LA GARE(RUE)";" -20,9625800";"55,6580400"
"201900001132";"12";"2";"2019";"20:00";"1";"974";"97409";"1";"1";"1";"6";"Chemin Stéphane";" -21,2759000";"55,4880000"
"201900001133";"9";"2";"2019";"04:30";"3";"974";"97409";"2";"1";"1";"7";"Chemin AGENOR";" -20,9490900";"55,6855200"
"201900001134";"13";"2";"2019";"14:10";"1";"973";"97302";"2";"3";"1";"3";"UNIVERSITE CHICAGO (RUE DE)";"4,9371043";" -52,2977436"
"201900001135";"12";"2";"2019";"17:05";"1";"973";"97302";"2";"1";"1";"3";"MONTABO (ROUTE DE) 1";"4,9394559";" -52,3010373"
"201900001136";"12";"2";"2019";"15:32";"1";"973";"97302";"2";"9";"1";"3";"MANDELA  (BOULEVARD)";"4,9380877";" -52,3261643"
"201900001137";"13";"2";"2019";"21:34";"5";"69";"69386";"2";"2";"1";"3";"BROTTEAUX (DES)                     (BD)";"45,7679200";"4,8569200"
"201900001138";"12";"2";"2019";"18:05";"2";"69";"69388";"2";"2";"1";"6";"PAUL SANTY                          (AV)";"45,7362600";"4,8695600"
"201900001139";"13";"2";"2019";"23:10";"5";"972";"97209";"2";"1";"1";"6";"FOLIE (ROUTE DE LA)";"14,6086700";" -61,0639300"
"201900001140";"13";"2";"2019";"14:15";"1";"69";"69286";"2";"1";"1";"3";"ROUTE DE GENEVE                     (RO)";"45,8065000";"4,8885400"
"201900001141";"12";"2";"2019";"17:00";"1";"69";"69149";"2";"1";"1";"3";"JEAN JAURES                         (AV)";"45,7138900";"4,8194600"
"201900001142";"12";"2";"2019";"08:45";"1";"69";"69389";"2";"1";"1";"3";"BOURBONNAIS (DU)                    (R )";"45,7742200";"4,8029000"
"201900001143";"13";"2";"2019";"18:32";"5";"2B";"2B120";"2";"1";"1";"4";"11 - RT";"42,6604900";"9,4421000"
"201900001144";"12";"2";"2019";"18:35";"5";"2B";"2B037";"2";"1";"1";"4";"TOUTES RUES";"42,6337300";"9,4381700"
"201900001145";"8";"2";"2019";"12:24";"1";"2A";"2A004";"2";"1";"1";"5";"NICOLI JEAN COURS";"41,9331529";"8,7427706"
"201900001146";"12";"2";"2019";"08:05";"1";"91";"91589";"2";"6";"1";"3";"ALLEMANE (RUE JEAN)";"48,6903000";"2,3393890"
"201900001147";"12";"2";"2019";"13:35";"1";"91";"91377";"2";"1";"1";"6";"DIVISION LECLERC (RUE DE LA)";"48,7303130";"2,2727940"
"201900001148";"13";"2";"2019";"19:20";"3";"91";"91687";"2";"1";"1";"6";"MARMONT (AVENUE)";"48,6632500";"2,3750500"
"201900001149";"11";"2";"2019";"16:45";"1";"91";"91223";"2";"1";"1";"6";"HAUT PAVE (RUE DU)";"48,4300700";"2,1481900"
"201900001150";"12";"2";"2019";"22:30";"5";"91";"91174";"2";"1";"1";"6";"FONTAINEBLEAU (BD)";"48,5965820";"2,4742800"
"201900001151";"12";"2";"2019";"07:55";"1";"91";"91552";"1";"1";"1";"3";"RN 20";"48,6011900";"2,2470600"
"201900001152";"11";"2";"2019";"16:50";"1";"91";"91347";"2";"3";"1";"3";"MONTLHERY (ROUTE DE)";"48,6340000";"2,2880000"
"201900001153";"13";"2";"2019";"07:36";"1";"86";"86194";"2";"2";"1";"3";"JOHN KENNEDY (AVENUE)";"46,5846704";"0,3665189"
"201900001154";"7";"2";"2019";"19:43";"2";"84";"84035";"1";"2";"1";"2";"ISLE/SORGUE-RD 938 (ROUTE DE L')";"43,8638100";"5,0431600"
"201900001155";"12";"2";"2019";"18:10";"5";"84";"84007";"2";"3";"1";"3";"PIERRE SEMARD (avenue)";"43,9431400";"4,8157800"
"201900001156";"12";"2";"2019";"16:40";"1";"83";"83069";"1";"9";"1";"3";"SALINS ( ROUTE DES VIEUX)";"43,1244700";"6,1887500"
"201900001157";"12";"2";"2019";"18:10";"5";"77";"77337";"2";"1";"1";"6";"ROCHES (COURS DES)";"48,8447018";"2,6153625"
"201900001158";"13";"2";"2019";"21:45";"5";"77";"77445";"2";"1";"1";"2";"BOIS DES SAINT PERES ( RUE DU)";"48,5795600";"2,5963100"
"201900001159";"13";"2";"2019";"02:21";"3";"77";"77335";"1";"6";"5";"6";"N3 X N330 Dénivelée";"48,9565200";"2,8577200"
"201900001160";"11";"2";"2019";"16:45";"1";"76";"76351";"2";"3";"1";"3";"ARISTIDE BRIAND";"49,5001700";"0,1335300"
"201900001161";"13";"2";"2019";"18:30";"3";"74";"74281";"2";"1";"1";"1";"PELERINS (ALLEE DES)";"46,3594400";"6,4604200"
"201900001162";"12";"2";"2019";"12:05";"1";"74";"74012";"2";"6";"1";"3";"LECLERC (AVENUE DU MARECHAL)";"46,1896300";"6,2492400"
"201900001163";"13";"2";"2019";"17:45";"1";"69";"69290";"2";"2";"1";"3";"LORTARET (DE)   -  D 148             (CH";"45,7134200";"4,9566500"
"201900001164";"11";"2";"2019";"14:45";"1";"67";"67482";"2";"1";"1";"6";"HALLEBARDES (RUE DES)";"48,5827300";"7,7509700"
"201900001165";"9";"2";"2019";"19:10";"5";"67";"67482";"2";"1";"1";"6";"GARE (PLACE DE LA)";"48,5854500";"7,7359500"
"201900001166";"8";"2";"2019";"13:45";"1";"67";"67482";"2";"3";"1";"3";"SCHIRMECK (ROUTE DE)";"48,5661800";"7,7080000"
"201900001167";"13";"2";"2019";"08:00";"1";"66";"66136";"2";"3";"1";"3";"PANCHOT (AVENUE JULIEN)";"42,6866000";"2,8695000"
"201900001168";"11";"2";"2019";"10:50";"1";"66";"66136";"2";"1";"1";"2";"PANCHOT (AVENUE JULIEN)";"42,6864000";"2,8691000"
"201900001169";"11";"2";"2019";"13:20";"1";"66";"66136";"2";"2";"1";"3";"CERBERE (DE)";"42,6838225";"2,9091602"
"201900001170";"12";"2";"2019";"18:55";"5";"64";"64129";"2";"1";"1";"2";"pont d'Espagne";"43,2944600";" -0,3871000"
"201900001171";"12";"2";"2019";"17:40";"1";"64";"64445";"2";"1";"1";"6";"PIERRE MASSE";"43,3159900";" -0,3567300"
"201900001172";"12";"2";"2019";"11:10";"1";"64";"64335";"2";"1";"1";"2";"EUROPE DE L'";"43,3393948";" -0,4647568"
"201900001173";"13";"2";"2019";"09:10";"1";"64";"64102";"2";"1";"7";"6";"QUATORZE AVRIL (AVENUE DU)";"43,5021261";" -1,4615349"
"201900001174";"11";"2";"2019";"15:25";"1";"64";"64024";"2";"1";"2";"7";"BIARRITZ (AVENUE DE)";"43,4803700";" -1,5222600"
"201900001175";"8";"2";"2019";"09:35";"1";"64";"64024";"2";"1";"7";"6";"JUZAN (CHEMIN DE)";"43,4724000";" -1,5095900"
"201900001176";"4";"2";"2019";"16:00";"1";"62";"62528";"1";"1";"2";"3";"HOCHE (R LAZARE)";"50,4664320";"2,8053450"
"201900001177";"12";"2";"2019";"10:05";"1";"62";"62178";"2";"1";"1";"7";"EVRARD ( FLORENT )";"50,4889500";"2,5527900"
"201900001178";"5";"5";"2019";"12:45";"1";"62";"62693";"1";"1";"2";"6";"chaussée brunehaut";"50,4395750";"2,5420750"
"201900001179";"12";"5";"2019";"16:40";"1";"62";"62560";"2";"1";"1";"6";"Rue Nationale";"50,8141570";"1,7027510"
"201900001180";"16";"5";"2019";"20:45";"1";"62";"62627";"2";"1";"1";"6";"Rue Jean Soille";"50,3092990";"3,0302070"
"201900001181";"18";"5";"2019";"09:55";"1";"62";"62861";"1";"6";"1";"3";"Route Nationale 17";"50,3720260";"2,8104940"
"201900001182";"17";"5";"2019";"18:00";"1";"62";"62612";"2";"6";"1";"2";"rue de fresnes";"50,3517020";"2,9120710"
"201900001183";"18";"5";"2019";"09:35";"1";"62";"62505";"1";"1";"1";"6";"A16";"50,8337910";"1,7040870"
"201900001184";"12";"5";"2019";"16:00";"1";"59";"59541";"1";"1";"1";"7";"cd 942";"50,1884100";"3,4569680"
"201900001185";"18";"5";"2019";"13:40";"1";"59";"59139";"2";"1";"1";"6";"Place Ernest Plet";"50,1277240";"3,4152520"
"201900001186";"10";"5";"2019";"22:40";"5";"59";"59136";"2";"1";"2";"6";"rue fontellay desjardin";"50,1070160";"3,5423200"
"201900001187";"1";"5";"2019";"12:15";"1";"59";"59136";"2";"1";"1";"6";"54 chemin de Montay";"50,1113970";"3,5426870"
"201900001188";"17";"5";"2019";"23:30";"3";"59";"59275";"1";"1";"2";"6";"CD 90";"50,5946110";"3,2058540"
"201900001189";"12";"5";"2019";"05:45";"2";"59";"59660";"1";"1";"1";"6";"rue de Verdun - D90";"50,6376480";"3,2352400"
"201900001190";"23";"5";"2019";"08:30";"1";"59";"59400";"2";"1";"1";"3";"6 rue thiers";"50,6436200";"2,6401080"
"201900001191";"27";"5";"2019";"08:30";"1";"59";"59212";"2";"1";"1";"6";"Rue Émile Roche";"50,6440770";"2,7215210"
"201900001192";"26";"5";"2019";"10:50";"1";"59";"59535";"1";"1";"1";"6";"361 Route du Mont-Noir";"50,7771010";"2,7383170"
"201900001193";"21";"5";"2019";"18:45";"1";"59";"59586";"1";"2";"1";"3";"Rue de la Fourmisière";"50,5264470";"3,1745980"
"201900001194";"25";"5";"2019";"17:00";"1";"59";"59051";"2";"4";"1";"2";"Route d'Estaires";"50,5464300";"2,7966581"
"201900001195";"3";"5";"2019";"16:45";"1";"59";"59658";"1";"1";"1";"7";"RN41";"50,5719590";"2,8603680"
"201900001196";"28";"5";"2019";"14:40";"1";"13";"13055";"1";"1";"1";"4";"A507 sens Marseille - Aubagne";"43,2941560";"5,4242300"
"201900001197";"27";"5";"2019";"17:40";"1";"13";"13019";"1";"1";"1";"2";"A51-Sens Marseille vers Aix en Provence";"43,4233000";"5,3735000"
"201900001198";"24";"5";"2019";"11:22";"1";"13";"13028";"1";"1";"1";"7";"A50-Sens Toulon vers Aubagne";"43,2055500";"5,5889500"
"201900001199";"26";"5";"2019";"06:00";"1";"13";"13202";"1";"1";"1";"6";"A55-Sens Marseille vers Martigues";"43,2964900";"5,3626400"
"201900001200";"23";"5";"2019";"18:15";"1";"13";"13211";"1";"1";"1";"2";"Sens Aubagne vers Marseille";"43,2942400";"5,4720900"
"201900001201";"23";"5";"2019";"16:00";"1";"13";"13005";"1";"9";"1";"2";"A52-Sens Toulon vers Pont de l'Etoile";"43,3232900";"5,5977300"
"201900001202";"23";"5";"2019";"07:50";"1";"13";"13211";"1";"1";"1";"7";"A50-Sens Aubagne vers Marseille";"43,2904000";"5,4484000"
"201900001203";"22";"5";"2019";"08:05";"1";"13";"13022";"1";"1";"1";"5";"A50-Sens Toulon vers Aubagne";"43,2298000";"5,5852000"
"201900001204";"20";"5";"2019";"08:00";"1";"13";"13071";"1";"1";"2";"2";"A55 - Sens Marseille vers Martigues";"43,3936660";"5,2997280"
"201900001205";"17";"5";"2019";"18:20";"1";"13";"13019";"1";"1";"2";"2";"A51-Sens Aix en Provence vers Marseille";"43,4277000";"5,3851000"
"201900001206";"14";"5";"2019";"14:30";"1";"13";"13033";"1";"1";"1";"6";"A55 SENS MARTIGUES-MARSEILLE";"43,3800600";"5,2219800"
"201900001207";"11";"5";"2019";"15:50";"1";"13";"13211";"1";"1";"1";"2";"A50-Sens Marseille vers Aubagne";"43,2871440";"5,5043780"
"201900001208";"16";"5";"2019";"21:58";"3";"13";"13005";"1";"1";"1";"3";"A50-Sens Aubagne vers Marseille";"43,2878180";"5,5450540"
"201900001209";"16";"5";"2019";"07:40";"1";"13";"13211";"1";"1";"1";"4";"A50-Sens Marseille vers Aubagne";"43,2874900";"5,5030630"
"201900001210";"16";"5";"2019";"04:45";"3";"13";"13215";"1";"1";"1";"6";"A7-Sens Marseille vers Lyon";"43,3589390";"5,3621951"
"201900001211";"15";"5";"2019";"17:30";"1";"13";"13216";"1";"1";"1";"6";"A55-Sens Martigues vers Marseille";"43,3661080";"5,3334960"
"201900001212";"13";"5";"2019";"15:30";"1";"13";"13015";"1";"1";"1";"2";"A51-Sens Aix en Provence vers Marseille";"43,4587200";"5,4026500"
"201900001213";"13";"5";"2019";"11:05";"1";"13";"13001";"1";"1";"1";"6";"A51-Sens Marseille vers Aix en Provence";"43,5279700";"5,4279600"
"201900001214";"13";"5";"2019";"09:25";"1";"13";"13071";"1";"1";"1";"2";"A7-Sens Lyon vers Marseille";"43,4396800";"5,2496000"
"201900001215";"10";"5";"2019";"09:13";"1";"13";"13055";"1";"1";"1";"3";"A507 sens Marseille - Aubagne";"43,3213300";"5,4225500"
"201900001216";"9";"5";"2019";"13:40";"1";"13";"13055";"1";"1";"1";"5";"A507 sens Aubagne- Marseille";"43,3005150";"5,4253079"
"201900001217";"9";"5";"2019";"10:00";"1";"13";"13005";"1";"1";"1";"4";"A502-Sens Toulon par R.N. vers  Aubagne";"43,2838440";"5,5882350"
"201900001218";"6";"5";"2019";"18:15";"1";"13";"13071";"1";"1";"1";"4";"A5502D-Sens Marseille vers A55-Martigues";"43,4028200";"5,2986000"
"201900001219";"6";"5";"2019";"16:15";"1";"13";"13071";"1";"1";"1";"4";"A7-Sens Marseille vers Lyon";"43,4130000";"5,2814000"
"201900001220";"2";"5";"2019";"13:00";"1";"13";"13211";"1";"1";"1";"2";"Sens Marseille vers Aubagne";"43,2924200";"5,4557500"
"201900001221";"5";"5";"2019";"14:50";"1";"13";"13212";"1";"1";"1";"6";"A507 sens Marseille - Aubagne";"43,3064160";"5,4251260"
"201900001222";"4";"5";"2019";"04:50";"3";"13";"13117";"1";"1";"1";"2";"A7-Sens Marseille vers Lyon";"43,4247650";"5,2652810"
"201900001223";"3";"5";"2019";"13:30";"1";"13";"13071";"1";"1";"1";"6";"A7-Sens Marseille vers Lyon";"43,4046900";"5,2991800"
"201900001224";"4";"5";"2019";"09:15";"1";"13";"13005";"1";"1";"1";"6";"A501-Sens Pont de l' Etoile vers Aubagne";"43,3198000";"5,5922000"
"201900001225";"4";"5";"2019";"03:30";"4";"13";"13215";"1";"1";"1";"2";"A7-Sens Marseille vers Lyon";"43,3477500";"5,3716600"
"201900001226";"2";"5";"2019";"14:00";"1";"13";"13215";"1";"1";"1";"3";"A7-Sens Marseille vers Lyon";"43,3696400";"5,3610400"
"201900001227";"1";"5";"2019";"06:05";"2";"13";"13210";"2";"1";"1";"3";"A50-Sens Aubagne vers Marseille";"43,2878700";"5,4410040"
"201900001228";"28";"4";"2019";"19:40";"2";"13";"13085";"2";"1";"1";"6";"A50-Sens Aubagne vers Toulon";"43,2637696";"5,5881382"
"201900001229";"30";"4";"2019";"22:10";"3";"13";"13215";"1";"1";"1";"2";"A7-Sens Marseille vers Lyon";"43,3332700";"5,3775600"
"201900001230";"30";"4";"2019";"17:45";"1";"13";"13005";"1";"1";"1";"4";"A50-Sens Marseille vers Aubagne";"43,2840000";"5,5232000"
"201900001231";"30";"4";"2019";"16:50";"1";"13";"13215";"1";"1";"1";"6";"A7-Sens Lyon vers Marseille";"43,3634900";"5,3606300"
"201900001232";"30";"4";"2019";"14:20";"1";"13";"13085";"1";"1";"1";"7";"A50-Sens Aubagne vers Toulon";"43,2436000";"5,5944000"
"201900001233";"30";"4";"2019";"07:15";"1";"13";"13211";"1";"1";"1";"4";"A50-Sens Aubagne vers Marseille";"43,2922100";"5,4799800"
"201900001234";"29";"4";"2019";"12:26";"1";"13";"13210";"1";"4";"1";"4";"S10CM-Sens Marseille vers A.50 Aubagne";"43,2834100";"5,4006300"
"201900001235";"29";"4";"2019";"08:00";"1";"13";"13106";"1";"1";"1";"5";"A7-Sens Lyon vers Marseille";"43,3971700";"5,3502800"
"201900001236";"28";"4";"2019";"21:10";"2";"13";"13071";"1";"1";"1";"2";"A51-Sens Aix en Provence vers Marseille";"43,4098306";"5,3637475"
"201900001237";"16";"5";"2019";"17:15";"1";"83";"83069";"1";"1";"1";"2";"N/A";"43,1231200";"6,0968600"
"201900001238";"4";"5";"2019";"10:23";"1";"83";"83062";"1";"1";"1";"6";"N/A";"43,1434000";"6,0142000"
"201900001239";"2";"5";"2019";"09:15";"1";"83";"83137";"1";"1";"1";"3";"A57";"43,1243774";"5,9657739"
"201900001240";"30";"4";"2019";"17:07";"1";"83";"83035";"1";"1";"1";"1";"A50";"43,1614400";"5,7674300"
"201900001241";"29";"4";"2019";"14:35";"1";"83";"83137";"1";"1";"1";"6";"N/A";"43,1213200";"5,9533100"
"201900001242";"26";"4";"2019";"17:21";"1";"83";"83137";"1";"1";"1";"4";"N/A";"43,1213200";"5,9533100"
"201900001243";"25";"5";"2019";"23:30";"5";"69";"69275";"1";"1";"1";"5";"RN346   29.300 A 34.350";"45,7671100";"4,9850100"
"201900001244";"27";"5";"2019";"17:10";"1";"69";"69290";"1";"1";"1";"6";"A43   3.865 A 9.894";"45,7059000";"4,9590000"
"201900001245";"23";"5";"2019";"15:45";"1";"69";"69152";"1";"1";"1";"2";"A450   0.000 A 1.090";"45,6959000";"4,8328100"
"201900001246";"23";"5";"2019";"13:55";"1";"69";"69081";"1";"1";"1";"3";"A6   449.510 A 451.640";"45,7773700";"4,7817200"
"201900001247";"20";"5";"2019";"17:25";"1";"69";"69276";"1";"1";"1";"2";"BUS (RD301)   0.000 A 2.800";"45,6844822";"4,8560206"
"201900001248";"14";"5";"2019";"09:00";"1";"69";"69266";"1";"9";"1";"2";"A42   0.000 A 0.560";"45,7837438";"4,8940535"
"201900001249";"15";"5";"2019";"15:30";"1";"69";"69256";"2";"1";"1";"2";"A42     0.560 A 4.020";"45,7915400";"4,9121000"
"201900001250";"11";"5";"2019";"16:55";"1";"69";"69283";"1";"1";"1";"7";"A46S   43.680 A 47.880";"45,6609900";"4,9232000"
"201900001251";"10";"5";"2019";"04:10";"5";"69";"69152";"1";"1";"2";"2";"A7   7.000 A 8.630";"45,6967200";"4,8381500"
"201900001252";"3";"5";"2019";"19:30";"1";"69";"69033";"1";"1";"1";"2";"A46N   17.210 A 18.490";"45,8709484";"4,9044416"
"201900001253";"4";"5";"2019";"14:50";"1";"69";"69199";"1";"3";"1";"3";"RD383   14.250 A 18.000";"45,6945400";"4,8441700"
"201900001254";"7";"5";"2019";"17:30";"1";"69";"69272";"1";"1";"1";"4";"A46S   57.400 A 61.010";"45,5895397";"4,8241564"
"201900001255";"2";"5";"2019";"10:50";"1";"69";"69290";"1";"1";"1";"3";"A46S   40.883 A 43.680";"45,6997200";"4,9670000"
"201900001256";"6";"5";"2019";"17:00";"1";"69";"69290";"1";"1";"1";"4";"A43   3.865 A 9.894";"45,7059600";"4,9593500"
"201900001257";"1";"5";"2019";"18:15";"1";"69";"69287";"1";"9";"1";"6";"A43   9.894 A 13.029";"45,6789700";"5,0249800"
"201900001258";"26";"4";"2019";"07:40";"2";"69";"69009";"1";"1";"1";"2";"A6   428.880 A 431.800";"45,9414400";"4,7210200"
"201900001259";"22";"4";"2019";"21:30";"3";"69";"69288";"1";"1";"1";"5";"A43   13.029 A 15.971";"45,6670961";"5,0551700"
"201900001260";"30";"4";"2019";"13:36";"1";"69";"69027";"1";"1";"1";"3";"A450   5.100 A 7.285";"45,6646000";"4,7607000"
"201900001261";"29";"4";"2019";"14:00";"1";"69";"69029";"1";"1";"1";"3";"A43   0.550 A 3.353";"45,7263200";"4,9173500"
"201900001262";"23";"5";"2019";"14:15";"1";"57";"57666";"1";"1";"1";"5";"Autoroute A31";"49,3461400";"6,1202300"
"201900001263";"13";"5";"2019";"21:55";"3";"57";"57269";"1";"1";"1";"7";"Autoroute A31";"49,2984500";"6,1834100"
"201900001264";"2";"5";"2019";"08:35";"1";"57";"57463";"1";"9";"1";"4";"RN 431";"49,1184200";"6,2346500"
"201900001265";"19";"5";"2019";"11:00";"1";"54";"54115";"1";"1";"1";"2";"Autoroute 31";"48,7298000";"6,1609700"
"201900001266";"23";"5";"2019";"22:25";"3";"67";"67482";"1";"9";"1";"7";"N.4 CONTOURNEMENT-SUD";"48,5710410";"7,7329440"
"201900001267";"12";"5";"2019";"13:15";"1";"67";"67137";"1";"1";"1";"4";"Route Métropolitaine 1083";"48,5038400";"7,6941800"
"201900001268";"2";"5";"2019";"14:20";"1";"67";"67482";"1";"1";"1";"3";"Autoroute A35";"48,5631820";"7,7332630"
"201900001269";"3";"5";"2019";"07:40";"1";"67";"67137";"1";"1";"8";"2";"Route Nationale 83";"48,5035200";"7,6936700"
"201900001270";"30";"4";"2019";"14:45";"1";"67";"67043";"1";"1";"1";"3";"Autoroute A.4";"48,6175955";"7,7265968"
"201900001271";"26";"4";"2019";"12:40";"1";"67";"67482";"1";"1";"8";"4";"Autoroute A.351";"48,5872050";"7,7137220"
"201900001272";"29";"5";"2019";"19:40";"1";"33";"33039";"1";"1";"1";"2";"ROCADE A 630";"44,7925200";" -0,5399900"
"201900001273";"29";"5";"2019";"20:45";"1";"33";"33535";"1";"1";"1";"3";"ROUTE NATIONALE 230";"44,8315600";" -0,5010900"
"201900001274";"29";"5";"2019";"16:30";"1";"33";"33122";"1";"1";"1";"2";"AUTOROUTE A 63";"44,7522200";" -0,6923200"
"201900001275";"29";"5";"2019";"07:35";"1";"33";"33192";"1";"1";"1";"2";"ROCADE A 630";"44,7897600";" -0,6062200"
"201900001276";"21";"5";"2019";"06:05";"2";"33";"33039";"1";"1";"1";"6";"ROUTE NATIONALE 230";"44,8050400";" -0,5313100"
"201900001277";"21";"5";"2019";"03:45";"5";"33";"33143";"1";"1";"1";"6";"AUTOROUTE A 10";"44,9575500";" -0,4492600"
"201900001278";"18";"5";"2019";"17:20";"1";"33";"33013";"1";"1";"1";"3";"ROUTE NATIONALE 230";"44,8612900";" -0,5041800"
"201900001279";"16";"5";"2019";"15:20";"1";"33";"33096";"1";"1";"1";"2";"AUTOROUTE A 10";"44,8935300";" -0,4994600"